timestamp,price,balance,open_trade,equity,floating_pnl,risk_mode
2026-03-23 02:24:54,68027.17,910.698782268081,YES,925.3451010221197,14.646318754038658,
2026-03-23 02:25:57,68027.42,925.3451010221197,NO,925.3451010221197,0.0,LOSS_ALERT
2026-03-23 02:26:57,68229.31,925.3451010221197,NO,925.3451010221197,0.0,LOSS_ALERT
2026-03-23 02:28:00,68180.04,925.3451010221197,YES,924.6768874182102,-0.6682136039095751,LOSS_ALERT
2026-03-23 02:29:03,68188.19,925.3451010221197,YES,924.7874200115097,-0.5576810106100334,LOSS_ALERT
2026-03-23 02:30:04,68273.01,925.3451010221197,YES,925.9377727187068,0.5926716965870523,LOSS_ALERT
2026-03-23 02:31:05,68239.81,925.3451010221197,YES,925.4875049766772,0.14240395455753924,LOSS_ALERT
2026-03-23 02:32:07,68238.92,925.4875049766772,YES,925.4754345462433,-0.012070430433916859,LOSS_ALERT
2026-03-23 02:33:10,68259.16,925.4875049766772,YES,925.7499351215048,0.2624301448275441,LOSS_ALERT
2026-03-23 02:34:12,68234.76,925.4875049766772,YES,925.4190154556757,-0.06848952100152263,LOSS_ALERT
2026-03-23 02:35:16,68270.05,925.4190154556757,YES,925.8976283658029,0.4786129101273066,LOSS_ALERT
2026-03-23 02:36:17,68285.39,925.4190154556757,YES,926.1056737622708,0.6866583065951309,LOSS_ALERT
2026-03-23 02:37:20,68269.11,925.4190154556757,YES,925.8848798212997,0.46586436562402866,LOSS_ALERT
2026-03-23 02:38:23,68265.53,925.4190154556757,YES,925.8363268539363,0.4173113982605774,LOSS_ALERT
2026-03-23 02:39:25,68245.63,925.4190154556757,YES,925.5664374543463,0.1474219986706534,LOSS_ALERT
2026-03-23 02:40:30,68253.22,925.5664374543463,YES,925.6693751700693,0.10293771572297385,LOSS_ALERT
2026-03-23 02:41:30,68269.99,925.5664374543463,YES,925.8968146289199,0.3303771745734989,LOSS_ALERT
2026-03-23 02:42:32,68311.67,925.5664374543463,YES,926.4620905171063,0.8956530627599028,LOSS_ALERT
2026-03-23 02:43:32,68342.19,925.5664374543463,YES,926.8760113450202,1.3095738906738723,LOSS_ALERT
2026-03-23 02:44:32,68291.9,925.5664374543463,YES,926.1939642140964,0.6275267597500809,LOSS_ALERT
2026-03-23 02:45:32,68220.01,926.1939642140964,YES,927.168956622967,0.9749924088706106,LOSS_ALERT
2026-03-23 02:46:33,68245.51,926.1939642140964,YES,926.823118447613,0.6291542335165868,LOSS_ALERT
2026-03-23 02:47:33,68240.7,926.1939642140964,YES,926.8883530210817,0.6943888069852947,LOSS_ALERT
2026-03-23 02:48:34,68250.17,926.1939642140964,YES,926.7599182163522,0.565954002255765,LOSS_ALERT
2026-03-23 02:49:36,68221.13,926.1939642140964,YES,927.153766867814,0.9598026537176723,LOSS_ALERT
2026-03-23 02:50:36,68227.09,926.1939642140964,YES,927.072935670751,0.8789714566546462,LOSS_ALERT
2026-03-23 02:51:36,68250.0,926.1939642140964,YES,926.7622238041878,0.5682595900914347,LOSS_ALERT
2026-03-23 02:52:37,68231.34,926.1939642140964,YES,927.0152959748586,0.8213317607623088,LOSS_ALERT
2026-03-23 02:53:38,68193.47,926.1939642140964,YES,927.5288995709628,1.334935356866437,LOSS_ALERT
2026-03-23 02:54:41,68192.48,926.1939642140964,YES,927.5423262295354,1.3483620154390763,LOSS_ALERT
2026-03-23 02:55:42,68178.91,926.1939642140964,YES,927.7263663879493,1.53240217385286,LOSS_ALERT
2026-03-23 02:56:42,68258.38,926.1939642140964,YES,926.6485718861694,0.45460767207306885,LOSS_ALERT
2026-03-23 02:57:46,68261.05,926.6485718861694,YES,926.6123250299308,-0.036246856238522716,LOSS_ALERT
2026-03-23 02:58:46,68308.9,926.6485718861694,YES,925.9627324939705,-0.6858393921988709,LOSS_ALERT
2026-03-23 02:59:46,68319.97,926.6485718861694,YES,925.8124505843972,-0.8361213017722651,LOSS_ALERT
2026-03-23 03:00:46,68393.88,926.6485718861694,YES,924.8090778710672,-1.8394940151022623,LOSS_ALERT
2026-03-23 03:01:48,68485.05,926.6485718861694,YES,923.5713902743374,-3.07718161183193,LOSS_ALERT
2026-03-23 03:02:48,68518.96,926.6485718861694,YES,923.1110416245064,-3.5375302616631052,LOSS_ALERT
2026-03-23 03:03:49,68522.0,923.1110416245064,YES,923.1519975521289,0.040955927622552776,LOSS_ALERT
2026-03-23 03:04:51,68529.31,923.1110416245064,YES,923.2504803912478,0.13943876674143305,LOSS_ALERT
2026-03-23 03:05:54,68458.0,923.1110416245064,YES,922.2897674969155,-0.8212741275909006,LOSS_ALERT
2026-03-23 03:06:54,68453.27,922.2897674969155,YES,922.2260433068974,-0.0637241900180644,LOSS_ALERT
2026-03-23 03:07:54,68489.88,922.2897674969155,YES,922.7192658431687,0.4294983462532642,LOSS_ALERT
2026-03-23 03:08:57,68440.64,922.2897674969155,YES,922.0558875944388,-0.23387990247665705,LOSS_ALERT
2026-03-23 03:10:01,68430.82,922.0558875944388,YES,921.9235891703421,-0.1322984240967123,LOSS_ALERT
2026-03-23 03:11:02,68434.83,922.0558875944388,YES,921.977613272239,-0.07827432219981494,LOSS_ALERT
2026-03-23 03:12:04,68380.43,922.0558875944388,YES,921.2447177253074,-0.8111698691313679,LOSS_ALERT
2026-03-23 03:13:07,68284.51,922.0558875944388,YES,919.9524504300563,-2.1034371643825076,LOSS_ALERT
2026-03-23 03:14:11,68242.01,922.0558875944388,YES,919.3798757840161,-2.6760118104226915,LOSS_ALERT
2026-03-23 03:15:11,68244.8,922.0558875944388,YES,919.4174636254857,-2.6384239689531204,LOSS_ALERT
2026-03-23 03:16:12,68238.09,922.0558875944388,YES,919.3270641931343,-2.7288234013044916,LOSS_ALERT
2026-03-23 03:17:14,68237.92,922.0558875944388,YES,919.3247738945502,-2.7311136998886294,LOSS_ALERT
2026-03-23 03:18:14,68200.88,922.0558875944388,YES,918.8257582500954,-3.230129344343329,LOSS_ALERT
2026-03-23 03:19:19,68199.68,918.8257582500954,YES,918.8419250636308,0.016166813535409087,LOSS_ALERT
2026-03-23 03:20:21,68193.34,918.8257582500954,YES,918.9273397284753,0.10158147837994477,LOSS_ALERT
2026-03-23 03:21:24,68251.7,918.8257582500954,YES,918.1410936968775,-0.6846645532178308,LOSS_ALERT
2026-03-23 03:22:28,68220.16,918.1410936968775,YES,918.5653786611376,0.42428496426013773,LOSS_ALERT
2026-03-23 03:23:31,68196.73,918.1410936968775,YES,918.8805656209544,0.7394719240768864,LOSS_ALERT
2026-03-23 03:24:33,68193.49,918.1410936968775,YES,918.924151013605,0.7830573167274626,LOSS_ALERT
2026-03-23 03:25:33,68217.05,918.1410936968775,YES,918.6072152571696,0.466121560292146,LOSS_ALERT
2026-03-23 03:26:36,68200.3,918.1410936968775,YES,918.8325409753485,0.6914472784709269,LOSS_ALERT
2026-03-23 03:27:38,68223.48,918.1410936968775,YES,918.5207170859525,0.37962338907495274,LOSS_ALERT
2026-03-23 03:28:42,68200.96,918.5207170859525,YES,918.2175210814571,-0.30319600449531486,LOSS_ALERT
2026-03-23 03:29:43,68200.95,918.5207170859525,YES,918.217386447352,-0.303330638600456,LOSS_ALERT
2026-03-23 03:30:45,68167.36,918.5207170859525,YES,917.7651504886041,-0.7555665973482938,LOSS_ALERT
2026-03-23 03:31:49,68214.86,918.5207170859525,YES,918.4046624874289,-0.11605459852350881,LOSS_ALERT
2026-03-23 03:32:49,68209.52,918.5207170859525,YES,918.3327678753506,-0.1879492106018692,LOSS_ALERT
2026-03-23 03:33:49,68171.3,918.5207170859525,YES,917.8181963259805,-0.7025207599720593,LOSS_ALERT
2026-03-23 03:34:50,68226.7,918.5207170859525,YES,918.5640692677675,0.043352181815085315,LOSS_ALERT
2026-03-23 03:35:52,68162.12,918.5207170859525,YES,917.6946022175758,-0.8261148683766144,LOSS_ALERT
2026-03-23 03:36:57,68151.1,917.6946022175758,YES,917.5462354338487,-0.14836678372720907,LOSS_ALERT
2026-03-23 03:37:59,68165.99,917.6946022175758,YES,917.746705616217,0.05210339864122624,LOSS_ALERT
2026-03-23 03:39:02,68208.88,917.6946022175758,YES,918.3241512926296,0.6295490750537454,LOSS_ALERT
2026-03-23 03:40:04,68185.77,917.6946022175758,YES,918.0130118759382,0.3184096583623525,LOSS_ALERT
2026-03-23 03:41:06,68161.41,917.6946022175758,YES,917.6850431961199,-0.009559021456008125,LOSS_ALERT
2026-03-23 03:42:11,68140.03,917.6850431961199,YES,917.9728909126436,0.2878477165237238,LOSS_ALERT
2026-03-23 03:43:13,68179.42,917.6850431961199,YES,917.4425671729866,-0.2424760231332848,LOSS_ALERT
2026-03-23 03:44:18,68177.36,917.4425671729866,YES,917.4702871460867,0.02771997310000901,LOSS_ALERT
2026-03-23 03:45:20,68181.59,917.4425671729866,YES,917.4133670071483,-0.029200165838368514,LOSS_ALERT
2026-03-23 03:46:25,68217.7,917.4133670071483,YES,917.8992429845584,0.4858759774101581,LOSS_ALERT
2026-03-23 03:47:27,68198.59,917.4133670071483,YES,917.6421095055136,0.22874249836534352,LOSS_ALERT
2026-03-23 03:48:31,68201.84,917.6421095055136,YES,917.6858396890246,0.04373018351102156,LOSS_ALERT
2026-03-23 03:49:33,68191.05,917.6421095055136,YES,917.5406554797681,-0.10145402574548386,LOSS_ALERT
2026-03-23 03:50:37,68154.02,917.5406554797681,YES,917.0424004965641,-0.4982549832040238,LOSS_ALERT
2026-03-23 03:51:40,68215.55,917.5406554797681,YES,917.8703137862358,0.329658306467701,LOSS_ALERT
2026-03-23 03:52:42,68209.2,917.5406554797681,YES,917.7848717353758,0.24421625560762666,LOSS_ALERT
2026-03-23 03:53:44,68100.01,917.5406554797681,YES,916.3156721238162,-1.2249833559519259,LOSS_ALERT
2026-03-23 03:54:49,68090.91,916.3156721238162,YES,916.4381166376469,0.12244451383074285,LOSS_ALERT
2026-03-23 03:55:51,68070.18,916.3156721238162,YES,916.717047931242,0.4013758074257998,LOSS_ALERT
2026-03-23 03:56:55,68094.9,916.3156721238162,YES,916.3844294277366,0.06875730392041403,LOSS_ALERT
2026-03-23 03:57:59,68072.69,916.3844294277366,YES,916.6833196262328,0.2988901984962539,LOSS_ALERT
2026-03-23 03:59:00,68083.4,916.3844294277366,YES,916.5391902238963,0.15476079615975605,LOSS_ALERT
2026-03-23 04:00:03,68086.79,916.3844294277366,YES,916.4935694326805,0.10914000494397492,LOSS_ALERT
2026-03-23 04:01:03,68129.23,916.4935694326805,YES,917.0648401165639,0.571270683883395,LOSS_ALERT
2026-03-23 04:02:05,68105.71,916.4935694326805,YES,916.7482452418011,0.254675809120654,LOSS_ALERT
2026-03-23 04:03:10,68085.88,916.7482452418011,YES,916.4813202262166,-0.2669250155845452,LOSS_ALERT
2026-03-23 04:04:12,68124.98,916.7482452418011,YES,917.0076322841768,0.25938704237574056,LOSS_ALERT
2026-03-23 04:05:14,68117.99,916.7482452418011,YES,916.9135422257334,0.16529698393230538,LOSS_ALERT
2026-03-23 04:06:17,68161.73,916.7482452418011,YES,917.5023117759938,0.7540665341927436,LOSS_ALERT
2026-03-23 04:07:19,68158.01,916.7482452418011,YES,917.4522380968222,0.7039928550210477,LOSS_ALERT
2026-03-23 04:08:21,68138.55,916.7482452418011,YES,917.1902935278221,0.4420482860209158,LOSS_ALERT
2026-03-23 04:09:24,68137.94,916.7482452418011,YES,917.1820825212911,0.4338372794900679,LOSS_ALERT
2026-03-23 04:10:26,68200.0,916.7482452418011,YES,918.0174514808058,1.2692062390046814,LOSS_ALERT
2026-03-23 04:11:28,68171.67,916.7482452418011,YES,917.6361108004472,0.8878655586461359,LOSS_ALERT
2026-03-23 04:12:31,68184.96,916.7482452418011,YES,917.8150030574881,1.0667578156870068,LOSS_ALERT
2026-03-23 04:13:31,68153.56,916.7482452418011,YES,917.3923381311464,0.6440928893452865,LOSS_ALERT
2026-03-23 04:14:33,68152.93,916.7482452418011,YES,917.3838579112866,0.6356126694855038,LOSS_ALERT
2026-03-23 04:15:36,68152.1,916.7482452418011,YES,917.3726855581383,0.6244403163371561,LOSS_ALERT
2026-03-23 04:16:40,68194.0,917.3726855581383,YES,916.8086836341348,-0.5640019240035252,LOSS_ALERT
2026-03-23 04:17:42,68188.17,917.3726855581383,YES,916.8871593195033,-0.48552623863498123,LOSS_ALERT
2026-03-23 04:18:44,68136.72,917.3726855581383,YES,917.5797106080471,0.207025049908784,LOSS_ALERT
2026-03-23 04:19:47,68162.0,917.3726855581383,YES,917.2394249603428,-0.1332605977955225,LOSS_ALERT
2026-03-23 04:20:51,68162.0,917.2394249603428,YES,917.2394249603428,0.0,LOSS_ALERT
2026-03-23 04:21:53,68201.45,917.2394249603428,YES,916.7085559231273,-0.5308690372154992,LOSS_ALERT
2026-03-23 04:22:56,68213.37,917.2394249603428,YES,916.5481513876747,-0.6912735726681808,LOSS_ALERT
2026-03-23 04:23:58,68175.88,917.2394249603428,YES,917.0526451824834,-0.18677977785942063,LOSS_ALERT
2026-03-23 04:25:00,68164.32,917.2394249603428,YES,917.2082052856573,-0.031219674685519824,LOSS_ALERT
2026-03-23 04:26:01,68154.52,917.2394249603428,YES,917.3400814976906,0.10065653734778363,LOSS_ALERT
2026-03-23 04:27:03,68201.85,917.2394249603428,YES,916.7031732205952,-0.5362517397475867,LOSS_ALERT
2026-03-23 04:28:07,68182.97,916.7031732205952,YES,916.9569398839689,0.25376666337363435,LOSS_ALERT
2026-03-23 04:29:09,68204.07,916.7031732205952,YES,916.6733341319994,-0.02983908859584877,LOSS_ALERT
2026-03-23 04:30:13,68245.9,916.6733341319994,YES,916.1111324105078,-0.5622017214915443,LOSS_ALERT
2026-03-23 04:31:16,68268.67,916.6733341319994,YES,915.8051000605587,-0.8682340714405922,LOSS_ALERT
2026-03-23 04:32:18,68257.86,916.6733341319994,YES,915.950388145888,-0.7229459861113035,LOSS_ALERT
2026-03-23 04:33:20,68231.5,916.6733341319994,YES,916.3046706555348,-0.3686634764645913,LOSS_ALERT
2026-03-23 04:34:22,68250.5,916.6733341319994,YES,916.0493076933463,-0.6240264386530352,LOSS_ALERT
2026-03-23 04:35:25,68303.27,916.6733341319994,YES,915.3400706662576,-1.3332634657417315,LOSS_ALERT
2026-03-23 04:36:27,68343.9,916.6733341319994,YES,914.7939971318516,-1.8793370001477292,LOSS_ALERT
2026-03-23 04:37:29,68362.22,916.6733341319994,YES,914.5477734756782,-2.1255606563211016,LOSS_ALERT
2026-03-23 04:38:32,68363.11,916.6733341319994,YES,914.5358117369232,-2.1375223950762363,LOSS_ALERT
2026-03-23 04:39:34,68357.08,916.6733341319994,YES,914.6168558770281,-2.056478254971183,LOSS_ALERT
2026-03-23 04:40:36,68341.1,916.6733341319994,YES,914.8316295683845,-1.8417045636148517,LOSS_ALERT
2026-03-23 04:41:39,68323.2,916.6733341319994,YES,915.072208359078,-1.601125772921411,LOSS_ALERT
2026-03-23 04:42:41,68297.21,916.6733341319994,YES,915.4215180110398,-1.251816120959554,LOSS_ALERT
2026-03-23 04:43:43,68290.32,916.6733341319994,YES,915.5141206852229,-1.1592134467764892,LOSS_ALERT
2026-03-23 04:44:46,68273.13,916.6733341319994,YES,915.7451569652239,-0.9281771667754393,LOSS_ALERT
2026-03-23 04:45:48,68277.13,916.6733341319994,YES,915.6913963416052,-0.981937790394059,LOSS_ALERT
2026-03-23 04:46:51,68296.53,916.6733341319994,YES,915.4306573170551,-1.2426768149442866,LOSS_ALERT
2026-03-23 04:47:53,68337.73,916.6733341319994,YES,914.8769228937833,-1.7964112382160315,LOSS_ALERT
2026-03-23 04:48:53,68351.33,916.6733341319994,YES,914.69413677348,-1.979197358519417,LOSS_ALERT
2026-03-23 04:49:56,68352.1,916.6733341319994,YES,914.6837878534333,-1.989546278566056,LOSS_ALERT
2026-03-23 04:50:58,68345.91,916.6733341319994,YES,914.7669824184832,-1.9063517135162107,LOSS_ALERT
2026-03-23 04:52:00,68389.19,916.6733341319994,YES,914.1852924709297,-2.4880416610696607,LOSS_ALERT
2026-03-23 04:53:03,68431.98,916.6733341319994,YES,913.6101881997696,-3.0631459322297605,LOSS_ALERT
2026-03-23 04:54:05,68451.98,916.6733341319994,YES,913.3413850816765,-3.331949050322859,LOSS_ALERT
2026-03-23 04:55:10,68493.33,913.3413850816765,YES,913.893110046727,0.5517249650504288,LOSS_ALERT
2026-03-23 04:56:10,68478.15,913.3413850816765,YES,913.690566274793,0.3491811931164866,LOSS_ALERT
2026-03-23 04:57:10,68519.76,913.3413850816765,YES,914.2457603690069,0.9043752873304026,LOSS_ALERT
2026-03-23 04:58:12,68496.75,913.3413850816765,YES,913.9387424380322,0.5973573563556581,LOSS_ALERT
2026-03-23 04:59:15,68535.75,913.3413850816765,YES,914.4591118125658,1.1177267308892418,LOSS_ALERT
2026-03-23 05:00:17,68574.59,913.3413850816765,YES,914.9773463383833,1.6359612567067439,LOSS_ALERT
2026-03-23 05:01:18,68642.62,913.3413850816765,YES,915.8850573268325,2.5436722451559515,LOSS_ALERT
2026-03-23 05:02:18,68681.89,913.3413850816765,YES,916.4090292585745,3.0676441768978986,LOSS_ALERT
2026-03-23 05:03:18,68700.25,913.3413850816765,YES,916.6540031487395,3.312618067062948,LOSS_ALERT
2026-03-23 05:04:21,68727.08,913.3413850816765,YES,917.0119905928096,3.670605511133126,LOSS_ALERT
2026-03-23 05:05:23,68686.01,913.3413850816765,YES,916.4640016130123,3.122616531335744,LOSS_ALERT
2026-03-23 05:06:23,68717.68,913.3413850816765,YES,916.8865682307425,3.545183149065941,LOSS_ALERT
2026-03-23 05:07:26,68725.3,913.3413850816765,YES,916.9882404008438,3.6468553191672504,LOSS_ALERT
2026-03-23 05:08:28,68715.93,913.3413850816765,YES,916.8632183229108,3.5218332412343054,LOSS_ALERT
2026-03-23 05:09:28,68694.92,913.3413850816765,YES,916.5828860008866,3.2415009192100017,LOSS_ALERT
2026-03-23 05:10:31,68700.21,913.3413850816765,YES,916.6534694365606,3.3120843548840244,LOSS_ALERT
2026-03-23 05:11:33,68695.9,913.3413850816765,YES,916.5959619492722,3.2545768675956626,LOSS_ALERT
2026-03-23 05:12:35,68718.26,913.3413850816765,YES,916.8943070573381,3.552921975661592,LOSS_ALERT
2026-03-23 05:13:38,68715.17,913.3413850816765,YES,916.8530777915098,3.5116927098332087,LOSS_ALERT
2026-03-23 05:14:38,68763.06,913.3413850816765,YES,917.492064697828,4.150679616151492,LOSS_ALERT
2026-03-23 05:15:40,68764.84,913.3413850816765,YES,917.5158148897939,4.174429808117368,LOSS_ALERT
2026-03-23 05:16:41,68826.94,913.3413850816765,YES,918.3444030477052,5.0030179660286125,LOSS_ALERT
2026-03-23 05:17:43,68758.27,913.3413850816765,YES,917.4281526643919,4.0867675827152725,LOSS_ALERT
2026-03-23 05:18:45,68765.32,913.3413850816765,YES,917.5222194359421,4.180834354265613,LOSS_ALERT
2026-03-23 05:19:48,68805.11,913.3413850816765,YES,918.0531296260111,4.711744544334536,LOSS_ALERT
2026-03-23 05:20:48,68724.25,913.3413850816765,YES,916.9742304561448,3.6328453744682303,LOSS_ALERT
2026-03-23 05:21:51,68711.33,913.3413850816765,YES,916.801841422325,3.46045634064841,LOSS_ALERT
2026-03-23 05:22:53,68729.97,913.3413850816765,YES,917.050551297743,3.709166216066505,LOSS_ALERT
2026-03-23 05:23:55,68727.71,913.3413850816765,YES,917.0203965596291,3.679011477952577,LOSS_ALERT
2026-03-23 05:24:58,68708.29,913.3413850816765,YES,916.7612792967202,3.419894215043633,LOSS_ALERT
2026-03-23 05:25:58,68686.02,913.3413850816765,YES,916.4641350410571,3.12274995938062,LOSS_ALERT
2026-03-23 05:27:01,68724.31,913.3413850816765,YES,916.9750310244133,3.6336459427367123,LOSS_ALERT
2026-03-23 05:28:03,68743.22,913.3413850816765,YES,917.2273434570398,3.8859583753631712,LOSS_ALERT
2026-03-23 05:29:04,68691.88,913.3413850816765,YES,916.542323875282,3.2009387936054186,LOSS_ALERT
2026-03-23 05:30:06,68694.32,913.3413850816765,YES,916.5748803182015,3.2334952365249863,LOSS_ALERT
2026-03-23 05:31:09,68640.75,913.3413850816765,YES,915.8601062824639,2.5187212007873523,LOSS_ALERT
2026-03-23 05:32:11,68627.99,913.3413850816765,YES,915.6898520973601,2.3484670156836134,LOSS_ALERT
2026-03-23 05:33:15,68610.0,915.6898520973601,YES,915.9298891498694,0.24003705250927945,LOSS_ALERT
2026-03-23 05:34:18,68654.07,915.6898520973601,YES,915.3418717566464,-0.3479803407137635,LOSS_ALERT
2026-03-23 05:35:18,68721.54,915.3418717566464,YES,914.4423166962193,-0.8995550604269881,LOSS_ALERT
2026-03-23 05:36:18,68783.79,915.3418717566464,YES,913.61235815892,-1.7295135977263971,LOSS_ALERT
2026-03-23 05:37:21,68775.6,915.3418717566464,YES,913.7215527038271,-1.620319052819216,LOSS_ALERT
2026-03-23 05:38:23,68798.18,915.3418717566464,YES,913.4205010769643,-1.9213706796820276,LOSS_ALERT
2026-03-23 05:39:24,68738.99,915.3418717566464,YES,914.2096616524301,-1.1322101042162949,LOSS_ALERT
2026-03-23 05:40:26,68636.53,915.3418717566464,YES,915.5757267404896,0.2338549838431871,LOSS_ALERT
2026-03-23 05:41:26,68643.46,915.3418717566464,YES,915.4833313563371,0.14145959969071828,LOSS_ALERT
2026-03-23 05:42:26,68669.73,915.3418717566464,YES,915.1330821872632,-0.20878956938312554,LOSS_ALERT
2026-03-23 05:43:26,68635.31,915.1330821872632,YES,914.674381087246,-0.45870110001719827,LOSS_ALERT
2026-03-23 05:44:27,68653.06,915.1330821872632,YES,914.9109279938499,-0.22215419341331444,LOSS_ALERT
2026-03-23 05:45:29,68613.65,915.1330821872632,YES,914.3857272282578,-0.7473549590054209,LOSS_ALERT
2026-03-23 05:46:30,68650.66,915.1330821872632,YES,914.8789441867599,-0.25413800050333946,LOSS_ALERT
2026-03-23 05:47:30,68636.04,915.1330821872632,YES,914.6841094952358,-0.44897269202734646,LOSS_ALERT
2026-03-23 05:48:30,68653.79,915.1330821872632,YES,914.9206564018398,-0.21242578542346252,LOSS_ALERT
2026-03-23 05:49:32,68637.3,915.1330821872632,YES,914.7009009939583,-0.43218119330491844,LOSS_ALERT
2026-03-23 05:50:33,68615.05,915.1330821872632,YES,914.4043844490604,-0.7286977382027447,LOSS_ALERT
2026-03-23 05:51:33,68725.56,915.1330821872632,YES,915.8771054996968,0.7440233124335353,LOSS_ALERT
2026-03-23 05:52:36,68669.56,915.1330821872632,YES,915.1308166675943,-0.0022655196688589965,LOSS_ALERT
2026-03-23 05:53:40,68757.0,915.1308166675943,YES,913.9655399626116,-1.1652767049827695,LOSS_ALERT
2026-03-23 05:54:43,68756.76,915.1308166675943,YES,913.9687383433206,-1.1620783242736894,LOSS_ALERT
2026-03-23 05:55:43,68777.96,915.1308166675943,YES,913.6862147140246,-1.444601953569751,LOSS_ALERT
2026-03-23 05:56:43,68844.43,915.1308166675943,YES,912.8003965234918,-2.3304201441025394,LOSS_ALERT
2026-03-23 05:57:46,68870.43,915.1308166675943,YES,912.4539052800156,-2.6769113875786505,LOSS_ALERT
2026-03-23 05:58:49,68868.03,915.1308166675943,YES,912.4858890871058,-2.644927580488626,LOSS_ALERT
2026-03-23 05:59:49,68899.93,915.1308166675943,YES,912.0607709845332,-3.0700456830611613,LOSS_ALERT
2026-03-23 06:00:49,68830.7,915.1308166675943,YES,912.9833705532197,-2.1474461143746315,LOSS_ALERT
2026-03-23 06:01:51,68767.68,915.1308166675943,YES,913.8232120210607,-1.307604646533633,LOSS_ALERT
2026-03-23 06:02:54,68732.61,915.1308166675943,YES,914.2905754021647,-0.8402412654296093,LOSS_ALERT
2026-03-23 06:03:54,68749.75,915.1308166675943,YES,914.0621577131963,-1.0686589543980844,LOSS_ALERT
2026-03-23 06:04:57,68746.57,915.1308166675943,YES,914.1045362575906,-1.0262804100037917,LOSS_ALERT
2026-03-23 06:05:59,68668.0,915.1308166675943,YES,915.1516061422029,0.02078947460853567,LOSS_ALERT
2026-03-23 06:06:59,68697.58,915.1308166675943,YES,914.7574057198174,-0.3734109477770023,LOSS_ALERT
2026-03-23 06:08:04,68749.46,914.7574057198174,YES,914.0665864186317,-0.6908193011856951,LOSS_ALERT
2026-03-23 06:09:04,68739.84,914.7574057198174,YES,914.1946835982271,-0.5627221215902319,LOSS_ALERT
2026-03-23 06:10:04,68703.64,914.7574057198174,YES,914.6767124861015,-0.08069323371594694,LOSS_ALERT
2026-03-23 06:11:04,68700.01,914.7574057198174,YES,914.7250485320403,-0.03235718777710607,LOSS_ALERT
2026-03-23 06:12:06,68712.64,914.7574057198174,YES,914.5568710498895,-0.20053466992779542,LOSS_ALERT
2026-03-23 06:13:09,68587.6,914.7574057198174,YES,916.2218680703261,1.4644623505087337,LOSS_ALERT
2026-03-23 06:14:09,68582.9,914.7574057198174,YES,916.2844519314591,1.5270462116417431,LOSS_ALERT
2026-03-23 06:15:11,68632.0,914.7574057198174,YES,915.6306503183478,0.873244598530359,LOSS_ALERT
2026-03-23 06:16:11,68676.8,914.7574057198174,YES,915.0341062803154,0.2767005604980079,LOSS_ALERT
2026-03-23 06:17:11,68625.38,915.0341062803154,YES,915.7192146974946,0.6851084171791961,LOSS_ALERT
2026-03-23 06:18:14,68618.7,915.0341062803154,YES,915.8082175023713,0.7741112220559441,LOSS_ALERT
2026-03-23 06:19:14,68595.86,915.0341062803154,YES,916.1125324819196,1.0784262016041932,LOSS_ALERT
2026-03-23 06:20:14,68600.53,915.0341062803154,YES,916.050310461145,1.0162041808296742,LOSS_ALERT
2026-03-23 06:21:14,68633.87,915.0341062803154,YES,915.606095863153,0.5719895828375938,LOSS_ALERT
2026-03-23 06:22:14,68589.57,915.0341062803154,YES,916.196339015254,1.162232734938555,LOSS_ALERT
2026-03-23 06:23:16,68553.38,915.0341062803154,YES,916.6785263668238,1.644420086508325,LOSS_ALERT
2026-03-23 06:24:17,68509.4,915.0341062803154,YES,917.2645059115058,2.2303996311903407,LOSS_ALERT
2026-03-23 06:25:20,68571.43,915.0341062803154,YES,916.4380322608324,1.4039259805169415,LOSS_ALERT
2026-03-23 06:26:20,68591.19,915.0341062803154,YES,916.1747545026941,1.140648222378712,LOSS_ALERT
2026-03-23 06:27:23,68620.68,915.0341062803154,YES,915.7818364314649,0.7477301511494471,LOSS_ALERT
2026-03-23 06:28:27,68591.86,915.7818364314649,YES,916.1664556530457,0.3846192215808396,LOSS_ALERT
2026-03-23 06:29:27,68552.92,915.7818364314649,YES,916.6861320058688,0.9042955744039737,LOSS_ALERT
2026-03-23 06:30:28,68556.74,915.7818364314649,YES,916.6351519424948,0.8533155110298626,LOSS_ALERT
2026-03-23 06:31:28,68499.99,915.7818364314649,YES,917.3925128316245,1.6106764001595775,LOSS_ALERT
2026-03-23 06:32:28,68462.34,915.7818364314649,YES,917.8949734038841,2.1131369724193196,LOSS_ALERT
2026-03-23 06:33:28,68456.66,915.7818364314649,YES,917.9707762206286,2.188939789163839,LOSS_ALERT
2026-03-23 06:34:28,68456.28,915.7818364314649,YES,917.9758475358335,2.1940111043686463,LOSS_ALERT
2026-03-23 06:35:31,68422.09,915.7818364314649,YES,918.4321324485974,2.6502960171324657,LOSS_ALERT
2026-03-23 06:36:31,68371.87,915.7818364314649,YES,919.1023467896034,3.3205103581385473,LOSS_ALERT
2026-03-23 06:37:32,68275.01,915.7818364314649,YES,920.3949983441603,4.613161912695457,LOSS_ALERT
2026-03-23 06:38:32,68119.32,915.7818364314649,YES,922.4727695658096,6.690933134344728,LOSS_ALERT
2026-03-23 06:39:34,68108.58,915.7818364314649,YES,922.6161009481754,6.83426451671049,LOSS_ALERT
2026-03-23 06:40:35,68197.11,915.7818364314649,YES,921.434617961133,5.652781529668151,LOSS_ALERT
2026-03-23 06:41:35,68101.47,915.7818364314649,YES,922.7109879247694,6.929151493304547,LOSS_ALERT
2026-03-23 06:42:35,68064.01,915.7818364314649,YES,923.2109128394268,7.429076407961885,LOSS_ALERT
2026-03-23 06:43:38,67731.25,915.7818364314649,YES,927.6517834908241,11.86994705935924,LOSS_ALERT
2026-03-23 06:44:38,67796.88,915.7818364314649,YES,926.7759139726992,10.994077541234367,LOSS_ALERT
2026-03-23 06:45:38,67831.89,915.7818364314649,YES,926.3086856955463,10.526849264081461,LOSS_ALERT
2026-03-23 06:46:39,67907.91,915.7818364314649,YES,925.2941557432706,9.512319311805795,LOSS_ALERT
2026-03-23 06:47:39,67888.01,915.7818364314649,YES,925.5597325132035,9.777896081738621,LOSS_ALERT
2026-03-23 06:48:39,67800.0,915.7818364314649,YES,926.734275805755,10.952439374290202,LOSS_ALERT
2026-03-23 06:49:40,67799.99,915.7818364314649,YES,926.7344092614183,10.952572829953416,LOSS_ALERT
2026-03-23 06:50:42,67783.46,915.7818364314649,YES,926.9550114728247,11.173175041359817,LOSS_ALERT
2026-03-23 06:51:42,67807.9,915.7818364314649,YES,926.6288458317617,10.847009400296896,LOSS_ALERT
2026-03-23 06:52:42,67896.0,915.7818364314649,YES,925.4531014382404,9.671265006775618,LOSS_ALERT
2026-03-23 06:53:45,67844.73,915.7818364314649,YES,926.1373286238913,10.35549219242643,LOSS_ALERT
2026-03-23 06:54:45,67857.73,915.7818364314649,YES,925.9638362616237,10.181999830158833,LOSS_ALERT
2026-03-23 06:55:46,67879.82,915.7818364314649,YES,925.6690327014319,9.887196269967047,LOSS_ALERT
2026-03-23 06:56:48,67797.63,915.7818364314649,YES,926.765904797953,10.984068366488158,LOSS_ALERT
2026-03-23 06:57:48,67810.8,915.7818364314649,YES,926.5901436894096,10.808307257944774,LOSS_ALERT
2026-03-23 06:58:49,67821.99,915.7818364314649,YES,926.4408068021962,10.658970370731323,LOSS_ALERT
2026-03-23 06:59:52,67874.2,915.7818364314649,YES,925.744034784197,9.962198352732095,LOSS_ALERT
2026-03-23 07:00:53,67850.0,915.7818364314649,YES,926.0669974893412,10.285161057876358,LOSS_ALERT
2026-03-23 07:01:55,67764.0,915.7818364314649,YES,927.214716193573,11.432879762108172,LOSS_ALERT
2026-03-23 07:02:56,67734.37,915.7818364314649,YES,927.6101453238799,11.82830889241508,LOSS_ALERT
2026-03-23 07:03:59,67679.11,915.7818364314649,YES,928.3476213191805,12.56578488771559,LOSS_ALERT
2026-03-23 07:05:02,67646.27,915.7818364314649,YES,928.785889717401,13.004053285936157,LOSS_ALERT
2026-03-23 07:06:03,67539.0,915.7818364314649,YES,930.2174686174353,14.435632185970478,LOSS_ALERT
2026-03-23 07:07:05,67749.02,915.7818364314649,YES,927.4146327771706,11.632796345705705,LOSS_ALERT
2026-03-23 07:08:05,67825.25,915.7818364314649,YES,926.3973002559661,10.61546382450121,LOSS_ALERT
2026-03-23 07:09:07,67771.42,926.3973002559661,YES,927.1325421706333,0.7352419146671818,LOSS_ALERT
2026-03-23 07:10:07,67777.43,926.3973002559661,YES,927.0504540430624,0.6531537870962034,LOSS_ALERT
2026-03-23 07:11:08,67797.07,926.3973002559661,YES,926.7821993300013,0.3848990740352104,LOSS_ALERT
2026-03-23 07:12:09,67930.96,926.3973002559661,YES,924.9534506776739,-1.4438495782922158,LOSS_ALERT
2026-03-23 07:13:10,67930.37,924.9534506776739,YES,924.9454171899106,-0.008033487763312296,LOSS_ALERT
2026-03-23 07:14:11,67953.35,924.9534506776739,YES,925.2583147302454,0.3048640525715017,LOSS_ALERT
2026-03-23 07:15:12,67957.2,924.9534506776739,YES,925.3107366419201,0.3572859642462516,LOSS_ALERT
2026-03-23 07:16:11,67903.88,924.9534506776739,YES,924.5847272054257,-0.36872347224819174,LOSS_ALERT
2026-03-23 07:17:12,67975.55,924.5847272054257,YES,925.5605917274355,0.9758645220098061,LOSS_ALERT
2026-03-23 07:18:13,67938.01,924.5847272054257,YES,925.049444048403,0.4647168429773384,LOSS_ALERT
2026-03-23 07:19:14,67944.34,925.049444048403,YES,925.135633840845,0.08618979244208075,LOSS_ALERT
2026-03-23 07:20:14,67982.74,925.049444048403,YES,925.6584913494984,0.6090473010954363,LOSS_ALERT
2026-03-23 07:21:14,67882.0,925.049444048403,YES,924.2868073541408,-0.7626366942621104,LOSS_ALERT
2026-03-23 07:22:15,67772.36,924.2868073541408,YES,922.7939402382882,-1.4928671158526188,LOSS_ALERT
2026-03-23 07:23:16,67718.05,924.2868073541408,YES,922.0544508816487,-2.2323564724920995,LOSS_ALERT
2026-03-23 07:24:17,67806.36,924.2868073541408,YES,923.2568869907416,-1.0299203633992322,LOSS_ALERT
2026-03-23 07:25:18,67757.17,924.2868073541408,YES,922.5871119685892,-1.699695385551678,LOSS_ALERT
2026-03-23 07:26:19,67754.25,924.2868073541408,YES,922.5473530122019,-1.7394543419388273,LOSS_ALERT
2026-03-23 07:27:20,67728.59,924.2868073541408,YES,922.1979643749091,-2.0888429792316368,LOSS_ALERT
2026-03-23 07:28:20,67712.01,924.2868073541408,YES,921.9722097526834,-2.3145976014574594,LOSS_ALERT
2026-03-23 07:29:20,67802.46,924.2868073541408,YES,923.2037842750191,-1.0830230791217472,LOSS_ALERT
2026-03-23 07:30:21,67798.48,924.2868073541408,YES,923.14959227282,-1.137215081320845,LOSS_ALERT
2026-03-23 07:31:21,67861.08,924.2868073541408,YES,924.0019589405724,-0.2848484135683541,LOSS_ALERT
2026-03-23 07:32:22,67920.12,924.2868073541408,YES,924.8058523601268,0.51904500598591,LOSS_ALERT
2026-03-23 07:33:22,67932.7,924.2868073541408,YES,924.9771426585345,0.6903353043936868,LOSS_ALERT
2026-03-23 07:34:23,68024.02,924.2868073541408,YES,926.2205631713006,1.9337558171597602,LOSS_ALERT
2026-03-23 07:35:23,68016.86,924.2868073541408,YES,926.1230720316662,1.8362646775254112,LOSS_ALERT
2026-03-23 07:36:24,68034.18,924.2868073541408,YES,926.3589025537983,2.0720951996574453,LOSS_ALERT
2026-03-23 07:37:25,68018.35,924.2868073541408,YES,926.1433599922885,1.8565526381477044,LOSS_ALERT
2026-03-23 07:38:26,68100.11,924.2868073541408,YES,927.2566107711293,2.9698034169884826,LOSS_ALERT
2026-03-23 07:39:26,68236.99,924.2868073541408,YES,929.1203799321829,4.833572578042063,LOSS_ALERT
2026-03-23 07:40:26,68217.99,924.2868073541408,YES,928.8616743940472,4.574867039906347,LOSS_ALERT
2026-03-23 07:41:27,68232.06,924.2868073541408,YES,929.053252653077,4.766445298936218,LOSS_ALERT
2026-03-23 07:42:28,68266.37,924.2868073541408,YES,929.5204203906263,5.233613036485472,LOSS_ALERT
2026-03-23 07:43:29,68339.75,924.2868073541408,YES,930.5195684110683,6.23276105692758,LOSS_ALERT
2026-03-23 07:44:33,68277.98,924.2868073541408,YES,929.6785030905082,5.391695736367357,LOSS_ALERT
2026-03-23 07:45:33,68384.97,924.2868073541408,YES,931.1352875918315,6.8484802376906,LOSS_ALERT
2026-03-23 07:46:35,68398.3,924.2868073541408,YES,931.3167899509551,7.02998259681426,LOSS_ALERT
2026-03-23 07:47:35,68375.03,924.2868073541408,YES,930.9999437471436,6.713136393002726,LOSS_ALERT
2026-03-23 07:48:35,68431.97,924.2868073541408,YES,931.7752433966934,7.4884360425526335,LOSS_ALERT
2026-03-23 07:49:36,68373.44,924.2868073541408,YES,930.9782941784259,6.691486824285099,LOSS_ALERT
2026-03-23 07:50:37,68373.7,924.2868073541408,YES,930.981834359474,6.695027005333201,LOSS_ALERT
2026-03-23 07:51:38,68371.43,924.2868073541408,YES,930.9509258557072,6.664118501566404,LOSS_ALERT
2026-03-23 07:52:38,68388.88,924.2868073541408,YES,931.1885264683636,6.901719114222787,LOSS_ALERT
2026-03-23 07:53:38,68392.83,924.2868073541408,YES,931.2423099881339,6.955502633993067,LOSS_ALERT
2026-03-23 07:54:39,68425.04,924.2868073541408,YES,931.6808839556786,7.394076601537767,LOSS_ALERT
2026-03-23 07:55:40,68461.16,924.2868073541408,YES,932.1726967997557,7.885889445614852,LOSS_ALERT
2026-03-23 07:56:41,68415.04,924.2868073541408,YES,931.5447231461335,7.257915791992653,LOSS_ALERT
2026-03-23 07:57:41,68347.73,924.2868073541408,YES,930.6282247370854,6.341417382944525,LOSS_ALERT
2026-03-23 07:58:42,68344.24,924.2868073541408,YES,930.5807046145542,6.293897260413407,LOSS_ALERT
2026-03-23 07:59:42,68301.97,924.2868073541408,YES,930.005152872607,5.718345518466156,LOSS_ALERT
2026-03-23 08:00:43,68428.48,924.2868073541408,YES,931.7277232741621,7.440915920021317,LOSS_ALERT
2026-03-23 08:01:44,68378.7,924.2868073541408,YES,931.0499147642465,6.763107410105758,LOSS_ALERT
2026-03-23 08:02:44,68470.89,924.2868073541408,YES,932.305181267443,8.018373913302192,LOSS_ALERT
2026-03-23 08:03:45,68431.44,924.2868073541408,YES,931.7680268737876,7.481219519646759,LOSS_ALERT
2026-03-23 08:04:45,68419.26,924.2868073541408,YES,931.6021830077615,7.315375653620708,LOSS_ALERT
2026-03-23 08:05:46,68424.76,924.2868073541408,YES,931.6770714530113,7.390264098870519,LOSS_ALERT
2026-03-23 08:06:46,68542.36,924.2868073541408,YES,933.2783225732619,8.991515219121137,LOSS_ALERT
2026-03-23 08:07:47,68549.22,924.2868073541408,YES,933.3717288886099,9.084921534469093,LOSS_ALERT
2026-03-23 08:08:47,68489.01,924.2868073541408,YES,932.5519046543387,8.265097300197876,LOSS_ALERT
2026-03-23 08:09:48,68566.66,924.2868073541408,YES,933.6091933404566,9.322385986315801,LOSS_ALERT
2026-03-23 08:10:48,68542.01,924.2868073541408,YES,933.2735569449278,8.986749590786978,LOSS_ALERT
2026-03-23 08:11:49,68480.94,924.2868073541408,YES,932.4420228810359,8.155215526895072,LOSS_ALERT
2026-03-23 08:12:49,68592.49,924.2868073541408,YES,933.9608967115116,9.674089357370853,LOSS_ALERT
2026-03-23 08:13:50,68654.96,924.2868073541408,YES,934.81149328874,10.524685934599196,LOSS_ALERT
2026-03-23 08:14:51,68655.0,924.2868073541408,YES,934.8120379319781,10.525230577837288,LOSS_ALERT
2026-03-23 08:15:51,68602.18,924.2868073541408,YES,934.0928365359607,9.806029181819904,LOSS_ALERT
2026-03-23 08:16:51,68605.14,924.2868073541408,YES,934.1331401355861,9.846332781445344,LOSS_ALERT
2026-03-23 08:17:53,68516.21,924.2868073541408,YES,932.9222620563015,8.635454702160743,LOSS_ALERT
2026-03-23 08:18:53,68487.65,924.2868073541408,YES,932.5333867842405,8.246579430099732,LOSS_ALERT
2026-03-23 08:19:54,68470.0,924.2868073541408,YES,932.2930629553935,8.006255601252686,LOSS_ALERT
2026-03-23 08:20:54,68506.0,924.2868073541408,YES,932.7832418697559,8.496434515615094,LOSS_ALERT
2026-03-23 08:21:55,68476.23,924.2868073541408,YES,932.3778911397401,8.091083785599237,LOSS_ALERT
2026-03-23 08:22:56,68522.09,924.2868073541408,YES,933.0023246123139,8.715517258173135,LOSS_ALERT
2026-03-23 08:23:57,68493.83,924.2868073541408,YES,932.6175341645395,8.330726810398716,LOSS_ALERT
2026-03-23 08:24:57,68495.94,924.2868073541408,YES,932.6462640953536,8.359456741212743,LOSS_ALERT
2026-03-23 08:25:58,68499.74,924.2868073541408,YES,932.6980052029808,8.411197848839924,LOSS_ALERT
2026-03-23 08:26:59,68475.41,924.2868073541408,YES,932.3667259533574,8.07991859921664,LOSS_ALERT
2026-03-23 08:28:00,68502.11,924.2868073541408,YES,932.7302753148429,8.443467960702053,LOSS_ALERT
2026-03-23 08:29:01,68481.73,924.2868073541408,YES,932.4527795849899,8.165972230849048,LOSS_ALERT
2026-03-23 08:30:02,68444.93,924.2868073541408,YES,931.9517078058639,7.66490045172299,LOSS_ALERT
2026-03-23 08:31:03,68462.46,924.2868073541408,YES,932.1903977049966,7.903590350855757,LOSS_ALERT
2026-03-23 08:32:04,68579.03,924.2868073541408,YES,933.7776242618638,9.490816907723044,LOSS_ALERT
2026-03-23 08:33:04,68561.64,924.2868073541408,YES,933.5408406140649,9.2540332599241,LOSS_ALERT
2026-03-23 08:34:05,68578.83,924.2868073541408,YES,933.774901045673,9.488093691532182,LOSS_ALERT
2026-03-23 08:35:06,68613.36,924.2868073541408,YES,934.2450643210323,9.958256966891444,LOSS_ALERT
2026-03-23 08:36:09,68570.29,924.2868073541408,YES,933.6586197143214,9.371812360180545,LOSS_ALERT
2026-03-23 08:37:11,68554.01,924.2868073541408,YES,933.436949916382,9.150142562241115,LOSS_ALERT
2026-03-23 08:38:12,68583.93,924.2868073541408,YES,933.8443430585409,9.557535704400072,LOSS_ALERT
2026-03-23 08:39:13,68537.55,924.2868073541408,YES,933.2128292238708,8.926021869729968,LOSS_ALERT
2026-03-23 08:40:13,68522.85,924.2868073541408,YES,933.0126728338395,8.72586547969869,LOSS_ALERT
2026-03-23 08:41:14,68520.56,924.2868073541408,YES,932.9814920084535,8.694684654312749,LOSS_ALERT
2026-03-23 08:42:15,68610.19,924.2868073541408,YES,934.2019013444065,9.915093990265664,LOSS_ALERT
2026-03-23 08:43:15,68611.0,924.2868073541408,YES,934.2129303699796,9.926123015838789,LOSS_ALERT
2026-03-23 08:44:16,68535.75,924.2868073541408,YES,933.1883202781527,8.901512924011808,LOSS_ALERT
2026-03-23 08:45:17,68541.99,924.2868073541408,YES,933.2732846233089,8.98647726916803,LOSS_ALERT
2026-03-23 08:46:20,68497.0,924.2868073541408,YES,932.6606971411653,8.373889787024494,LOSS_ALERT
2026-03-23 08:47:20,68526.99,924.2868073541408,YES,933.0690434089912,8.78223605485036,LOSS_ALERT
2026-03-23 08:48:22,68490.0,924.2868073541408,YES,932.5653845744837,8.278577220342912,LOSS_ALERT
2026-03-23 08:49:28,68459.94,924.2868073541408,YES,932.1560851809911,7.8692778268503325,LOSS_ALERT
2026-03-23 08:50:27,68421.73,924.2868073541408,YES,931.6358147277192,7.349007373578366,LOSS_ALERT
2026-03-23 08:51:29,68473.8,924.2868073541408,YES,932.3448040630207,8.05799670887987,LOSS_ALERT
2026-03-23 08:52:29,68496.92,924.2868073541408,YES,932.6596078546889,8.372800500548108,LOSS_ALERT
2026-03-23 08:53:29,68498.73,924.2868073541408,YES,932.6842529612165,8.397445607075742,LOSS_ALERT
2026-03-23 08:54:31,68503.38,924.2868073541408,YES,932.7475677376551,8.460760383514337,LOSS_ALERT
2026-03-23 08:55:36,68423.91,924.2868073541408,YES,931.6654977842002,7.378690430059304,LOSS_ALERT
2026-03-23 08:56:38,68349.05,924.2868073541408,YES,930.6461979639454,6.359390609804575,LOSS_ALERT
2026-03-23 08:57:42,68452.53,930.6461979639454,YES,932.0551900211182,1.4089920571727814,LOSS_ALERT
2026-03-23 08:58:43,68465.62,930.6461979639454,YES,932.2334245208127,1.5872265568672874,LOSS_ALERT
2026-03-23 08:59:46,68439.25,930.6461979639454,YES,931.8743684660423,1.2281705020968858,LOSS_ALERT
2026-03-23 09:00:48,68434.28,930.6461979639454,YES,931.8066965436983,1.1604985797529486,LOSS_ALERT
2026-03-23 09:01:49,68396.65,930.6461979639454,YES,931.29432341738,0.6481254534346224,LOSS_ALERT
2026-03-23 09:02:51,68423.39,931.29432341738,YES,930.9302294126563,-0.3640940047237054,LOSS_ALERT
2026-03-23 09:03:53,68336.23,931.29432341738,YES,932.1170070286516,0.8226836112715532,LOSS_ALERT
2026-03-23 09:04:55,68324.6,931.29432341738,YES,932.2753620501525,0.9810386327723857,LOSS_ALERT
2026-03-23 09:05:55,68239.87,931.29432341738,YES,933.4290525894284,2.134729172048277,LOSS_ALERT
2026-03-23 09:06:56,68224.75,931.29432341738,YES,933.6349277334605,2.3406043160804257,LOSS_ALERT
2026-03-23 09:07:58,68249.99,931.29432341738,YES,933.2912578501686,1.9969344327884868,LOSS_ALERT
2026-03-23 09:08:58,68256.25,931.29432341738,YES,933.2060211833933,1.9116977660133172,LOSS_ALERT
2026-03-23 09:09:58,68305.99,931.29432341738,YES,932.5287573167159,1.2344338993358501,LOSS_ALERT
2026-03-23 09:11:01,68264.1,931.29432341738,YES,933.0991349479003,1.8048115305203236,LOSS_ALERT
2026-03-23 09:12:02,68273.68,931.29432341738,YES,932.9686928923563,1.6743694749762792,LOSS_ALERT
2026-03-23 09:13:04,68256.5,931.29432341738,YES,933.2026171631547,1.9082937457746891,LOSS_ALERT
2026-03-23 09:14:05,68268.33,931.29432341738,YES,933.0415389254629,1.747215508082796,LOSS_ALERT
2026-03-23 09:15:08,68304.24,931.29432341738,YES,932.5525854583863,1.258262041006245,LOSS_ALERT
2026-03-23 09:16:08,68282.97,931.29432341738,YES,932.8421995002888,1.5478760829087574,LOSS_ALERT
2026-03-23 09:17:11,68328.58,931.29432341738,YES,932.2211700479535,0.9268466305734859,LOSS_ALERT
2026-03-23 09:18:12,68281.2,932.2211700479535,YES,932.8675853406008,0.6464152926473282,LOSS_ALERT
2026-03-23 09:19:14,68292.92,932.2211700479535,YES,932.7076869186965,0.4865168707430079,LOSS_ALERT
2026-03-23 09:20:14,68256.47,932.2211700479535,YES,933.2049819253868,0.9838118774334029,LOSS_ALERT
2026-03-23 09:21:15,68266.61,932.2211700479535,YES,933.0666397753776,0.8454697274240554,LOSS_ALERT
2026-03-23 09:22:16,68333.36,932.2211700479535,YES,932.1559555038663,-0.06521454408723454,LOSS_ALERT
2026-03-23 09:23:19,68330.3,932.1559555038663,YES,932.1976978859742,0.041742382107943475,LOSS_ALERT
2026-03-23 09:24:20,68323.86,932.1559555038663,YES,932.2855478666198,0.12959236275351788,LOSS_ALERT
2026-03-23 09:25:21,68194.88,932.1559555038663,YES,934.0450029137722,1.8890474099059609,LOSS_ALERT
2026-03-23 09:26:22,68189.51,932.1559555038663,YES,934.1182567019814,1.9623011981151899,LOSS_ALERT
2026-03-23 09:27:22,68191.87,932.1559555038663,YES,934.0860632308132,1.9301077269469396,LOSS_ALERT
2026-03-23 09:28:22,68222.08,932.1559555038663,YES,933.6739595172569,1.5180040133906652,LOSS_ALERT
2026-03-23 09:29:26,68226.35,932.1559555038663,YES,933.6157111605245,1.459755656658239,LOSS_ALERT
2026-03-23 09:30:28,68233.45,932.1559555038663,YES,933.518857920993,1.3629024171267816,LOSS_ALERT
2026-03-23 09:31:32,68223.39,932.1559555038663,YES,933.6560894124983,1.5001339086320542,LOSS_ALERT
2026-03-23 09:32:39,68175.49,932.1559555038663,YES,934.3095077468029,2.1535522429365543,LOSS_ALERT
2026-03-23 09:33:37,68072.96,932.1559555038663,YES,935.7081503734469,3.5521948695805587,LOSS_ALERT
2026-03-23 09:34:39,68025.8,932.1559555038663,YES,936.3514741447581,4.195518640891754,LOSS_ALERT
2026-03-23 09:35:40,67974.38,932.1559555038663,YES,937.0529098597881,4.896954355921824,LOSS_ALERT
2026-03-23 09:36:40,67979.85,932.1559555038663,YES,936.9782919414447,4.822336437578467,LOSS_ALERT
2026-03-23 09:37:40,67922.15,932.1559555038663,YES,937.7653950289057,5.609439525039465,LOSS_ALERT
2026-03-23 09:38:43,67994.42,932.1559555038663,YES,936.779538180885,4.6235826770187005,LOSS_ALERT
2026-03-23 09:39:43,68115.16,932.1559555038663,YES,935.1324874567944,2.9765319529281293,LOSS_ALERT
2026-03-23 09:40:47,68081.92,932.1559555038663,YES,935.5859243134183,3.4299688095520886,LOSS_ALERT
2026-03-23 09:41:49,68166.03,932.1559555038663,YES,934.4385544575027,2.2825989536364606,LOSS_ALERT
2026-03-23 09:42:49,68145.88,934.4385544575027,YES,934.1623327548114,-0.2762217026914028,LOSS_ALERT
2026-03-23 09:43:50,68137.24,934.4385544575027,YES,934.0438932753447,-0.39466118215811485,LOSS_ALERT
2026-03-23 09:44:50,68133.02,934.4385544575027,YES,933.9860443629199,-0.45251009458284824,LOSS_ALERT
2026-03-23 09:45:51,68171.72,934.4385544575027,YES,934.5165545313645,0.07800007386179549,LOSS_ALERT
2026-03-23 09:46:53,68215.02,934.4385544575027,YES,935.1101227560068,0.6715682985040783,LOSS_ALERT
2026-03-23 09:47:55,68218.42,934.4385544575027,YES,935.1567308845006,0.7181764269978467,LOSS_ALERT
2026-03-23 09:48:58,68190.45,934.4385544575027,YES,934.7733104862732,0.33475602877049737,LOSS_ALERT
2026-03-23 09:50:02,68208.94,934.7733104862732,YES,935.0267764556413,0.25346596936808735,LOSS_ALERT
2026-03-23 09:51:05,68213.78,934.7733104862732,YES,935.0931244973796,0.319814011106341,LOSS_ALERT
2026-03-23 09:52:07,68220.69,934.7733104862732,YES,935.1878486644068,0.414538178133592,LOSS_ALERT
2026-03-23 09:53:09,68189.27,934.7733104862732,YES,934.7571347240313,-0.01617576224188685,LOSS_ALERT
2026-03-23 09:54:14,68199.33,934.7571347240313,YES,934.8950399512808,0.13790522724941295,LOSS_ALERT
2026-03-23 09:55:17,68199.23,934.7571347240313,YES,934.893669123972,0.13653439994069055,LOSS_ALERT
2026-03-23 09:56:19,68211.28,934.7571347240313,YES,935.0588538146635,0.30171909063216296,LOSS_ALERT
2026-03-23 09:57:22,68310.23,934.7571347240313,YES,936.4152874365652,1.6581527125339688,LOSS_ALERT
2026-03-23 09:58:25,68297.9,934.7571347240313,YES,936.2462644294096,1.4891297053783132,LOSS_ALERT
2026-03-23 09:59:25,68275.53,934.7571347240313,YES,935.9396103604663,1.182475636435029,LOSS_ALERT
2026-03-23 10:00:28,68344.33,934.7571347240313,YES,936.8827395488124,2.125604824781173,LOSS_ALERT
2026-03-23 10:01:30,68327.33,934.7571347240313,YES,936.6496989063432,1.8925641823119321,LOSS_ALERT
2026-03-23 10:02:33,68362.09,934.7571347240313,YES,937.1261984788273,2.369063754796026,LOSS_ALERT
2026-03-23 10:03:35,68350.06,934.7571347240313,YES,936.9612879535977,2.2041532295663377,LOSS_ALERT
2026-03-23 10:04:36,68432.85,934.7571347240313,YES,938.096195882423,3.3390611583916523,LOSS_ALERT
2026-03-23 10:05:38,68479.85,934.7571347240313,YES,938.740484717485,3.9833499934536714,LOSS_ALERT
2026-03-23 10:06:40,68483.69,934.7571347240313,YES,938.7931244861368,4.035989762105499,LOSS_ALERT
2026-03-23 10:07:43,68450.04,934.7571347240313,YES,938.3318410967785,3.574706372747147,LOSS_ALERT
2026-03-23 10:08:45,68480.08,934.7571347240313,YES,938.7436376202947,3.986502896263494,LOSS_ALERT
2026-03-23 10:09:48,68641.77,934.7571347240313,YES,940.960128295639,6.202993571607734,LOSS_ALERT
2026-03-23 10:10:48,68589.94,934.7571347240313,YES,940.2496285015695,5.492493777538254,LOSS_ALERT
2026-03-23 10:11:50,68698.58,934.7571347240313,YES,941.7388952896788,6.981760565647559,LOSS_ALERT
2026-03-23 10:12:50,68668.75,934.7571347240313,YES,941.3299775035107,6.5728427794794495,LOSS_ALERT
2026-03-23 10:13:52,68676.45,934.7571347240313,YES,941.4355312062762,6.67839648224489,LOSS_ALERT
2026-03-23 10:14:55,68602.78,934.7571347240313,YES,940.4256427279992,5.668508003967916,LOSS_ALERT
2026-03-23 10:15:57,68580.04,934.7571347240313,YES,940.1139165980138,5.356781873982518,LOSS_ALERT
2026-03-23 10:16:57,68594.76,934.7571347240313,YES,940.315702377846,5.558567653814724,LOSS_ALERT
2026-03-23 10:18:00,68607.49,934.7571347240313,YES,940.4902086942363,5.733073970205069,LOSS_ALERT
2026-03-23 10:19:02,68595.46,934.7571347240313,YES,940.3252981690067,5.568163444975382,LOSS_ALERT
2026-03-23 10:20:04,68523.5,934.7571347240313,YES,939.3388508377074,4.581716113676084,LOSS_ALERT
2026-03-23 10:21:07,68479.2,934.7571347240313,YES,938.7315743399787,3.9744396159473747,LOSS_ALERT
2026-03-23 10:22:10,68442.23,934.7571347240313,YES,938.2247794839735,3.4676447599421922,LOSS_ALERT
2026-03-23 10:23:11,68454.15,938.2247794839735,YES,938.0613768687833,-0.16340261519017318,LOSS_ALERT
2026-03-23 10:24:13,68443.54,938.2247794839735,YES,938.2068216462303,-0.017957837743186055,LOSS_ALERT
2026-03-23 10:25:13,68472.68,938.2247794839735,YES,937.8073625684918,-0.41741691548162974,LOSS_ALERT
2026-03-23 10:26:14,68467.67,938.2247794839735,YES,937.8760410166548,-0.3487384673187076,LOSS_ALERT
2026-03-23 10:27:16,68480.23,938.2247794839735,YES,937.7038651066894,-0.5209143772841854,LOSS_ALERT
2026-03-23 10:28:16,68433.92,938.2247794839735,YES,938.3386952333217,0.11391574934816759,LOSS_ALERT
2026-03-23 10:29:18,68456.24,938.2247794839735,YES,938.0327265780326,-0.192052905940955,LOSS_ALERT
2026-03-23 10:30:23,68444.53,938.0327265780326,YES,938.1931847514326,0.1604581734000402,LOSS_ALERT
2026-03-23 10:31:23,68459.52,938.0327265780326,YES,937.987781846286,-0.044944731746512145,LOSS_ALERT
2026-03-23 10:32:27,68431.11,937.987781846286,YES,937.5985265187252,-0.3892553275608164,LOSS_ALERT
2026-03-23 10:33:28,68470.59,937.987781846286,YES,938.1394557806786,0.15167393439263505,LOSS_ALERT
2026-03-23 10:34:28,68448.29,937.987781846286,YES,937.8339156960392,-0.15386615024679723,LOSS_ALERT
2026-03-23 10:35:32,68426.3,937.8339156960392,YES,937.5326230296168,-0.3012926664223046,LOSS_ALERT
2026-03-23 10:36:35,68470.7,937.8339156960392,YES,938.1409629290782,0.30704723303900683,LOSS_ALERT
2026-03-23 10:37:37,68411.08,937.8339156960392,YES,937.3240884965132,-0.5098271995259775,LOSS_ALERT
2026-03-23 10:38:41,68412.35,937.3240884965132,YES,937.3066877831727,-0.017400713340505528,LOSS_ALERT
2026-03-23 10:39:42,68335.44,937.3240884965132,YES,938.3604585414515,1.036370044938272,LOSS_ALERT
2026-03-23 10:40:44,68299.82,937.3240884965132,YES,938.8485005959293,1.524412099416018,LOSS_ALERT
2026-03-23 10:41:47,68330.41,937.3240884965132,YES,938.4293763273589,1.1052878308457064,LOSS_ALERT
2026-03-23 10:42:47,68410.0,937.3240884965132,YES,937.3388859535272,0.014797457013949656,LOSS_ALERT
2026-03-23 10:43:48,68393.59,937.3388859535272,YES,937.5637321911898,0.22484623766263198,LOSS_ALERT
2026-03-23 10:44:48,68409.28,937.3388859535272,YES,937.3487512363497,0.009865282822505933,LOSS_ALERT
2026-03-23 10:45:48,68402.6,937.3487512363497,YES,937.4402810647334,0.09152982838369689,LOSS_ALERT
2026-03-23 10:46:50,68433.53,937.3487512363497,YES,937.0164760360043,-0.3322752003453549,LOSS_ALERT
2026-03-23 10:47:55,68428.75,937.0164760360043,YES,936.951026558892,-0.0654494771123309,LOSS_ALERT
2026-03-23 10:48:57,68388.55,937.0164760360043,YES,936.4005937179053,-0.6158823180989736,LOSS_ALERT
2026-03-23 10:50:00,68397.35,937.0164760360043,YES,936.5210864791163,-0.49538955688791864,LOSS_ALERT
2026-03-23 10:51:00,68488.01,937.0164760360043,YES,937.7624357667743,0.7459597307699559,LOSS_ALERT
2026-03-23 10:52:02,68477.75,937.0164760360043,YES,937.6219521610897,0.6054761250853667,LOSS_ALERT
2026-03-23 10:53:05,68511.99,937.0164760360043,YES,938.0907785410744,1.0743025050701154,LOSS_ALERT
2026-03-23 10:54:07,68553.04,937.0164760360043,YES,938.6528498874052,1.6363738514008843,LOSS_ALERT
2026-03-23 10:55:10,68515.58,937.0164760360043,YES,938.1399341107048,1.1234580747004705,LOSS_ALERT
2026-03-23 10:56:12,68507.44,937.0164760360043,YES,938.0284783065846,1.0120022705802894,LOSS_ALERT
2026-03-23 10:57:14,68534.34,937.0164760360043,YES,938.3968027698318,1.3803267338275171,LOSS_ALERT
2026-03-23 10:58:14,68562.75,937.0164760360043,YES,938.7858026955142,1.7693266595099444,LOSS_ALERT
2026-03-23 10:59:17,68553.19,937.0164760360043,YES,938.6549037412896,1.6384277052852825,LOSS_ALERT
2026-03-23 11:00:19,68614.53,937.0164760360043,YES,939.4947930563673,2.478317020362924,LOSS_ALERT
2026-03-23 11:01:20,68661.32,937.0164760360043,YES,940.13545854467,3.118982508665694,LOSS_ALERT
2026-03-23 11:02:22,68621.12,937.0164760360043,YES,939.5850257036832,2.5685496676788526,LOSS_ALERT
2026-03-23 11:03:24,68611.11,937.0164760360043,YES,939.4479651878057,2.431489151801394,LOSS_ALERT
2026-03-23 11:04:27,68574.4,937.0164760360043,YES,938.9453186805265,1.9288426445221745,LOSS_ALERT
2026-03-23 11:05:29,69195.39,937.0164760360043,YES,947.448136837848,10.43166080184364,LOSS_ALERT
2026-03-23 11:06:31,70645.02,937.0164760360043,YES,967.2969915462938,30.28051551028959,LOSS_ALERT
2026-03-23 11:07:33,70772.52,937.0164760360043,YES,969.0427673479307,32.02629131192646,LOSS_ALERT
2026-03-23 11:08:35,70760.0,937.0164760360043,YES,968.8713390103895,31.854862974385274,LOSS_ALERT
2026-03-23 11:09:37,70987.33,937.0164760360043,YES,971.9840230338101,34.96754699780576,LOSS_ALERT
2026-03-23 11:10:40,70947.09,937.0164760360043,YES,971.4330424984541,34.416566462449865,LOSS_ALERT
2026-03-23 11:11:42,71184.19,937.0164760360043,YES,974.6795008715374,37.663024835533086,LOSS_ALERT
2026-03-23 11:12:44,71319.67,937.0164760360043,YES,976.5345416998179,39.51806566381352,LOSS_ALERT
2026-03-23 11:13:46,71333.99,937.0164760360043,YES,976.7306162839703,39.71414024796609,LOSS_ALERT
2026-03-23 11:14:48,70916.0,937.0164760360043,YES,971.0073470500394,33.99087101403509,LOSS_ALERT
2026-03-23 11:15:53,71022.0,971.0073470500394,YES,972.4587371282629,1.451390078223591,LOSS_ALERT
2026-03-23 11:16:55,70909.34,971.0073470500394,YES,970.9161559375773,-0.09119111246202061,LOSS_ALERT
2026-03-23 11:17:59,70916.37,970.9161559375773,YES,970.8198986522008,-0.09625728537651089,LOSS_ALERT
2026-03-23 11:19:01,70790.0,970.9161559375773,YES,972.5502020879094,1.634046150332059,LOSS_ALERT
2026-03-23 11:20:03,70711.89,970.9161559375773,YES,973.6197122672494,2.7035563296721112,LOSS_ALERT
2026-03-23 11:21:06,70881.14,970.9161559375773,YES,971.3022804678217,0.3861245302443494,LOSS_ALERT
2026-03-23 11:22:10,70719.37,971.3022804678217,YES,973.5190559021796,2.216775434357905,LOSS_ALERT
2026-03-23 11:23:12,70671.65,971.3022804678217,YES,974.1729751933186,2.870694725496924,LOSS_ALERT
2026-03-23 11:24:15,70397.99,971.3022804678217,YES,977.9230077417908,6.620727273969104,LOSS_ALERT
2026-03-23 11:25:17,70667.53,971.3022804678217,YES,974.2294326006843,2.9271521328625916,LOSS_ALERT
2026-03-23 11:26:18,70780.27,974.2294326006843,YES,972.6751880101148,-1.5542445905694773,LOSS_ALERT
2026-03-23 11:27:18,70774.0,974.2294326006843,YES,972.7616268391274,-1.4678057615569131,LOSS_ALERT
2026-03-23 11:28:20,70624.26,974.2294326006843,YES,974.8259570235506,0.5965244228662807,LOSS_ALERT
2026-03-23 11:29:22,70644.93,974.2294326006843,YES,974.5409983958491,0.3115657951647827,LOSS_ALERT
2026-03-23 11:30:24,70842.85,974.2294326006843,YES,971.8124540516454,-2.416978549038841,LOSS_ALERT
2026-03-23 11:31:25,70913.55,971.8124540516454,YES,972.782306909082,0.9698528574365443,LOSS_ALERT
2026-03-23 11:32:25,70911.19,971.8124540516454,YES,972.7499327542935,0.9374787026479885,LOSS_ALERT
2026-03-23 11:33:27,71139.77,971.8124540516454,YES,975.8855616956351,4.073107643989659,LOSS_ALERT
2026-03-23 11:34:30,71072.5,971.8124540516454,YES,974.9627611055395,3.150307053894002,LOSS_ALERT
2026-03-23 11:35:32,70918.61,971.8124540516454,YES,972.8517192918065,1.0392652401611109,LOSS_ALERT
2026-03-23 11:36:37,70909.68,972.8517192918065,YES,972.7292187823734,-0.12250050943304154,LOSS_ALERT
2026-03-23 11:37:37,70600.01,972.8517192918065,YES,968.4812083953525,-4.37051089645405,LOSS_ALERT
2026-03-23 11:38:38,70432.78,968.4812083953525,YES,966.1871702998911,-2.2940380954613304,LOSS_ALERT
2026-03-23 11:39:41,70687.9,968.4812083953525,YES,969.6868713039819,1.205662908629432,LOSS_ALERT
2026-03-23 11:40:41,70780.16,968.4812083953525,YES,970.9524812704191,2.471272875066607,LOSS_ALERT
2026-03-23 11:41:41,70605.48,968.4812083953525,YES,968.5562451015785,0.07503670622601478,LOSS_ALERT
2026-03-23 11:42:42,70746.75,968.5562451015785,YES,966.6183227087911,-1.9379223927874147,LOSS_ALERT
2026-03-23 11:43:45,70767.69,968.5562451015785,YES,966.3310706743537,-2.225174427224817,LOSS_ALERT
2026-03-23 11:44:48,70677.94,966.3310706743537,NO,966.3310706743537,0.0,LOSS_ALERT
2026-03-23 11:45:51,70567.12,966.3310706743537,YES,967.8462366405963,1.5151659662426298,LOSS_ALERT
2026-03-23 11:46:54,70428.05,966.3310706743537,YES,969.7476455101626,3.4165748358089334,LOSS_ALERT
2026-03-23 11:47:54,70180.34,966.3310706743537,YES,973.1344146989187,6.803344024565005,LOSS_ALERT
2026-03-23 11:48:54,70316.0,966.3310706743537,YES,971.2796284240543,4.948557749700654,LOSS_ALERT
2026-03-23 11:49:54,70428.08,966.3310706743537,YES,969.7472353407078,3.4161646663540925,LOSS_ALERT
2026-03-23 11:50:54,70362.32,969.7472353407078,YES,970.6527062579329,0.9054709172250595,LOSS_ALERT
2026-03-23 11:51:55,70359.99,969.7472353407078,YES,970.6847887889112,0.937553448203407,LOSS_ALERT
2026-03-23 11:52:57,70352.6,969.7472353407078,YES,970.7865441124862,1.0393087717784253,LOSS_ALERT
2026-03-23 11:53:59,70402.6,969.7472353407078,YES,970.0980777824793,0.3508424417714821,LOSS_ALERT
